Network,AP50,AR50
Model1,58.281845,61.58281
Model2,55.181458,58.18485
Model3,61.591958,56.28848
Model4,52.148581,59.19485